,Company,url
0,3I GRP.,/exchange/prices-and-markets/stocks/summary/company-summary/GB00B1YW4409GBGBXSET1.html
1,3I INF. ORD,/exchange/prices-and-markets/stocks/summary/company-summary/JE00BF5FX167JEGBXSTMM.html
2,4IMPRINT GRP.,/exchange/prices-and-markets/stocks/summary/company-summary/GB0006640972GBGBXSSMM.html
3,888 HLDGS,/exchange/prices-and-markets/stocks/summary/company-summary/GI000A0F6407GBGBXSTMM.html
4,A.B.FOOD,/exchange/prices-and-markets/stocks/summary/company-summary/GB0006731235GBGBXSET1.html
5,AA PLC,/exchange/prices-and-markets/stocks/summary/company-summary/GB00BMSKPJ95GBGBXSSMM.html
6,AB NEW INDIA,/exchange/prices-and-markets/stocks/summary/company-summary/GB0006048770GBGBXSSMM.html
7,ABDN.ASN INC,/exchange/prices-and-markets/stocks/summary/company-summary/GB00B0P6J834GBGBXSSMM.html
8,ABDN.NW.DWN,/exchange/prices-and-markets/stocks/summary/company-summary/GB00BBM56V29GBGBXSSMM.html
9,ABERDEEN DI&G,/exchange/prices-and-markets/stocks/summary/company-summary/GB0001297562GBGBXSSMM.html
10,ABERFORTH SPLI.,/exchange/prices-and-markets/stocks/summary/company-summary/GB00BYPBD394GBGBXSSMM.html
11,ABERFTH.SMLL.CO,/exchange/prices-and-markets/stocks/summary/company-summary/GB0000066554GBGBXSTMM.html
12,ABSTD ASIAFOCUS,/exchange/prices-and-markets/stocks/summary/company-summary/GB0000100767GBGBXSSMM.html
13,ABSTD EQUITYINC,/exchange/prices-and-markets/stocks/summary/company-summary/GB0006039597GBGBXSSMM.html
14,ABSTD EURO LOG.,/exchange/prices-and-markets/stocks/summary/company-summary/GB00BD9PXH49GBGBXSSMM.html
15,ACACIA MIN,/exchange/prices-and-markets/stocks/summary/company-summary/GB00B61D2N63GBGBXSTMM.html
16,ADMIRAL GRP,/exchange/prices-and-markets/stocks/summary/company-summary/GB00B02J6398GBGBXSET1.html
17,AGGREKO,/exchange/prices-and-markets/stocks/summary/company-summary/GB00BK1PTB77GBGBXSTMM.html
18,ALCENTRA GBP,/exchange/prices-and-markets/stocks/summary/company-summary/GG00B6116N85GBGBXSSMM.html
19,ALFA FIN,/exchange/prices-and-markets/stocks/summary/company-summary/GB00BDHXPG30GBGBXSSMM.html
20,ALLIANCE TRUST,/exchange/prices-and-markets/stocks/summary/company-summary/GB00B11V7W98GBGBXSTMM.html
21,ALLIANZ TECH,/exchange/prices-and-markets/stocks/summary/company-summary/GB0003390720GBGBXSSMM.html
22,ALLIED MIND,/exchange/prices-and-markets/stocks/summary/company-summary/GB00BLRLH124GBGBXSSMM.html
23,AMIGO,/exchange/prices-and-markets/stocks/summary/company-summary/GB00BFFK8T45GBGBXSTMM.html
24,ANGLO AMERICAN,/exchange/prices-and-markets/stocks/summary/company-summary/GB00B1XZS820GBGBXSET1.html
25,ANGLO-EASTERN,/exchange/prices-and-markets/stocks/summary/company-summary/GB0000365774GBGBXSSMM.html
26,ANTOFAGASTA,/exchange/prices-and-markets/stocks/summary/company-summary/GB0000456144GBGBXSET1.html
27,AO WORLD,/exchange/prices-and-markets/stocks/summary/company-summary/GB00BJTNFH41GBGBXSSMM.html
28,APAX GLB,/exchange/prices-and-markets/stocks/summary/company-summary/GG00BWWYMV85GGGBXSTMM.html
29,ARROW GLOBAL,/exchange/prices-and-markets/stocks/summary/company-summary/GB00BDGTXM47GBGBXSSMM.html
30,ARTEMIS ALPHA,/exchange/prices-and-markets/stocks/summary/company-summary/GB0004355946GBGBXSSMM.html
31,ASA INT,/exchange/prices-and-markets/stocks/summary/company-summary/GB00BDFXHW57GBGBXSSMM.html
32,ASCENTIAL,/exchange/prices-and-markets/stocks/summary/company-summary/GB00BYM8GJ06GBGBXSTMM.html
33,ASHMORE,/exchange/prices-and-markets/stocks/summary/company-summary/GB00B132NW22GBGBXSTMM.html
34,ASHTEAD GRP.,/exchange/prices-and-markets/stocks/summary/company-summary/GB0000536739GBGBXSET1.html
35,ASSURA,/exchange/prices-and-markets/stocks/summary/company-summary/GB00BVGBWW93GBGBXSTMM.html
36,ASTON MARTIN,/exchange/prices-and-markets/stocks/summary/company-summary/GB00BFXZC448GBGBXSTMM.html
37,ASTRAZENECA,/exchange/prices-and-markets/stocks/summary/company-summary/GB0009895292GBGBXSET1.html
38,AUTO TRAD,/exchange/prices-and-markets/stocks/summary/company-summary/GB00BVYVFW23GBGBXSET1.html
39,AVAST,/exchange/prices-and-markets/stocks/summary/company-summary/GB00BDD85M81GBGBXSTMM.html
40,AVEVA GRP,/exchange/prices-and-markets/stocks/summary/company-summary/GB00BBG9VN75GBGBXSTMM.html
41,AVIVA,/exchange/prices-and-markets/stocks/summary/company-summary/GB0002162385GBGBXSET1.html
42,AVON RBR.,/exchange/prices-and-markets/stocks/summary/company-summary/GB0000667013GBGBXSSMM.html
43,B&M EUROPEAN,/exchange/prices-and-markets/stocks/summary/company-summary/LU1072616219GBGBXSTMM.html
44,BABCOCK INTL,/exchange/prices-and-markets/stocks/summary/company-summary/GB0009697037GBGBXSTMM.html
45,BAE SYS.,/exchange/prices-and-markets/stocks/summary/company-summary/GB0002634946GBGBXSET1.html
46,BAILL.G.SHIN.,/exchange/prices-and-markets/stocks/summary/company-summary/GB00BFXYH242GBGBXSSMM.html
47,BAILLIE G.JAP.,/exchange/prices-and-markets/stocks/summary/company-summary/GB0000485838GBGBXSTMM.html
48,BAILLIE GIFFORD,/exchange/prices-and-markets/stocks/summary/company-summary/GB0007913485GBGBXSSMM.html
49,BAILLIE GIFFORD,/exchange/prices-and-markets/stocks/summary/company-summary/GB00BDFGHW41GBGBXSET3.html
50,BAKKAVOR,/exchange/prices-and-markets/stocks/summary/company-summary/GB00BF8J3Z99GBGBXSTMM.html
51,BALFOUR B.,/exchange/prices-and-markets/stocks/summary/company-summary/GB0000961622GBGBXSTMM.html
52,BANK OF GEORGIA,/exchange/prices-and-markets/stocks/summary/company-summary/GB00BF4HYT85GBGBXSTMM.html
53,BANKERS INV.TST,/exchange/prices-and-markets/stocks/summary/company-summary/GB0000767003GBGBXSTMM.html
54,BARCLAYS,/exchange/prices-and-markets/stocks/summary/company-summary/GB0031348658GBGBXSET1.html
55,BARR (A.G.),/exchange/prices-and-markets/stocks/summary/company-summary/GB00B6XZKY75GBGBXSTMM.html
56,BARRATT DEVEL.,/exchange/prices-and-markets/stocks/summary/company-summary/GB0000811801GBGBXSET1.html
57,BATM ADVANCED,/exchange/prices-and-markets/stocks/summary/company-summary/IL0010849045GBGBXSSMM.html
58,BB HEALTHCARE,/exchange/prices-and-markets/stocks/summary/company-summary/GB00BZCNLL95GBGBXSSMM.html
59,BBA AVIATION,/exchange/prices-and-markets/stocks/summary/company-summary/GB00B1FP8915GBGBXSTMM.html
60,BBGI SICAV,/exchange/prices-and-markets/stocks/summary/company-summary/LU0686550053GBGBXSTMM.html
61,BCA MARKET,/exchange/prices-and-markets/stocks/summary/company-summary/GB00BP0S1D85GBGBXSTMM.html
62,BEAZLEY,/exchange/prices-and-markets/stocks/summary/company-summary/GB00BYQ0JC66GBGBXSTMM.html
63,BELLWAY,/exchange/prices-and-markets/stocks/summary/company-summary/GB0000904986GBGBXSTMM.html
64,BERKELEY GP.HLD,/exchange/prices-and-markets/stocks/summary/company-summary/GB00B02L3W35GBGBXSET1.html
65,BH GLOBAL £,/exchange/prices-and-markets/stocks/summary/company-summary/GG00B2QQPT96GGGBXSSMM.html
66,BH MACRO GBP,/exchange/prices-and-markets/stocks/summary/company-summary/GG00B1NP5142GGGBXSSMM.html
67,BHP GROUP,/exchange/prices-and-markets/stocks/summary/company-summary/GB00BH0P3Z91GBGBXSET1.html
68,BIFFA,/exchange/prices-and-markets/stocks/summary/company-summary/GB00BD8DR117GBGBXSSMM.html
69,BIG YELLOW GRP,/exchange/prices-and-markets/stocks/summary/company-summary/GB0002869419GBGBXSTMM.html
70,BIOTECH GWTH,/exchange/prices-and-markets/stocks/summary/company-summary/GB0000385517GBGBXSSMM.html
71,BLACKROCK BRNA,/exchange/prices-and-markets/stocks/summary/company-summary/GB00B7W0XJ61GBGBXSSMM.html
72,BLACKROCK FR,/exchange/prices-and-markets/stocks/summary/company-summary/GB00B3SXM832GBGBXSSMM.html
73,BLACKROCK GREAT,/exchange/prices-and-markets/stocks/summary/company-summary/GB00B01RDH75GBGBXSSMM.html
74,BLACKROCK LAT A,/exchange/prices-and-markets/stocks/summary/company-summary/GB0005058408GBGBXSSMM.html
75,BLACKROCK SML,/exchange/prices-and-markets/stocks/summary/company-summary/GB0006436108GBGBXSTMM.html
76,BLACKROCK WLD,/exchange/prices-and-markets/stocks/summary/company-summary/GB0005774855GBGBXSSMM.html
77,BLOOMSBURY PUB.,/exchange/prices-and-markets/stocks/summary/company-summary/GB0033147751GBGBXSSMM.html
78,BLUEFIELD SOLAR,/exchange/prices-and-markets/stocks/summary/company-summary/GG00BB0RDB98GGGBXSSMM.html
79,BMO CAP & INC,/exchange/prices-and-markets/stocks/summary/company-summary/GB0003463287GBGBXSSMM.html
80,BMO GLOBAL,/exchange/prices-and-markets/stocks/summary/company-summary/GB0000175058GBGBXSTMM.html
81,BMO PRIV. ORD,/exchange/prices-and-markets/stocks/summary/company-summary/GB0030738271GBGBXSSMM.html
82,BODYCOTE,/exchange/prices-and-markets/stocks/summary/company-summary/GB00B3FLWH99GBGBXSTMM.html
83,BOOT(H),/exchange/prices-and-markets/stocks/summary/company-summary/GB0001110096GBGBXSSMM.html
84,BOVIS HOMES,/exchange/prices-and-markets/stocks/summary/company-summary/GB0001859296GBGBXSTMM.html
85,BP,/exchange/prices-and-markets/stocks/summary/company-summary/GB0007980591GBGBXSET1.html
86,BR.AMER.TOB.,/exchange/prices-and-markets/stocks/summary/company-summary/GB0002875804GBGBXSET1.html
87,BR.EMPIRE TRUST,/exchange/prices-and-markets/stocks/summary/company-summary/GB0001335081GBGBXSTMM.html
88,BR.LAND,/exchange/prices-and-markets/stocks/summary/company-summary/GB0001367019GBGBXSET1.html
89,BR.THROG.TRUST,/exchange/prices-and-markets/stocks/summary/company-summary/GB0008910555GBGBXSSMM.html
90,BREWIN DOLPHIN,/exchange/prices-and-markets/stocks/summary/company-summary/GB0001765816GBGBXSTMM.html
91,BRITVIC,/exchange/prices-and-markets/stocks/summary/company-summary/GB00B0N8QD54GBGBXSTMM.html
92,BROWN(N.) GRP.,/exchange/prices-and-markets/stocks/summary/company-summary/GB00B1P6ZR11GBGBXSSMM.html
93,BRUNNER INV.TST,/exchange/prices-and-markets/stocks/summary/company-summary/GB0001490001GBGBXSSMM.html
94,BT GROUP,/exchange/prices-and-markets/stocks/summary/company-summary/GB0030913577GBGBXSET1.html
95,BTG,/exchange/prices-and-markets/stocks/summary/company-summary/GB0001001592GBGBXSTMM.html
96,BUNZL,/exchange/prices-and-markets/stocks/summary/company-summary/GB00B0744B38GBGBXSET1.html
97,BURBERRY GRP,/exchange/prices-and-markets/stocks/summary/company-summary/GB0031743007GBGBXSET1.html
98,CAIRN ENERGY,/exchange/prices-and-markets/stocks/summary/company-summary/GB00B74CDH82GBGBXSTMM.html
99,CALEDONIA INV.,/exchange/prices-and-markets/stocks/summary/company-summary/GB0001639920GBGBXSTMM.html
100,CAP & COUNT,/exchange/prices-and-markets/stocks/summary/company-summary/GB00B62G9D36GBGBXSTMM.html
101,CAP.&REG.,/exchange/prices-and-markets/stocks/summary/company-summary/GB0001741544GBGBXSSMM.html
102,CAPITA GROUP,/exchange/prices-and-markets/stocks/summary/company-summary/GB00B23K0M20GBGBXSTMM.html
103,CAPITAL GEARING,/exchange/prices-and-markets/stocks/summary/company-summary/GB0001738615GBGBXSSMM.html
104,CARD FACTORY,/exchange/prices-and-markets/stocks/summary/company-summary/GB00BLY2F708GBGBXSTMM.html
105,CARNIVAL,/exchange/prices-and-markets/stocks/summary/company-summary/GB0031215220GBGBXSET1.html
106,CARPETRIGHT,/exchange/prices-and-markets/stocks/summary/company-summary/GB0001772945GBGBXSSMM.html
107,CARRS GROUP,/exchange/prices-and-markets/stocks/summary/company-summary/GB00BRK01058GBGBXSSMM.html
108,CC JAPAN,/exchange/prices-and-markets/stocks/summary/company-summary/GB00BYSRMH16GBGBXSSMM.html
109,CENTAMIN,/exchange/prices-and-markets/stocks/summary/company-summary/JE00B5TT1872JEGBXSTMM.html
110,CENTRICA,/exchange/prices-and-markets/stocks/summary/company-summary/GB00B033F229GBGBXSET1.html
111,CHARLES TAYLOR,/exchange/prices-and-markets/stocks/summary/company-summary/GB0001883718GBGBXSSMM.html
112,CHARTER COURT,/exchange/prices-and-markets/stocks/summary/company-summary/GB00BD822578GBGBXSTMM.html
113,CHEMRING GRP.,/exchange/prices-and-markets/stocks/summary/company-summary/GB00B45C9X44GBGBXSSMM.html
114,CHESNARA,/exchange/prices-and-markets/stocks/summary/company-summary/GB00B00FPT80GBGBXSSMM.html
115,CINEWORLD,/exchange/prices-and-markets/stocks/summary/company-summary/GB00B15FWH70GBGBXSTMM.html
116,CITY LON INV,/exchange/prices-and-markets/stocks/summary/company-summary/GB00B104RS51GBGBXSSMM.html
117,CITY LON.,/exchange/prices-and-markets/stocks/summary/company-summary/GB0001990497GBGBXSTMM.html
118,CITY MERCH.HIGH,/exchange/prices-and-markets/stocks/summary/company-summary/JE00B6RMDP68JEGBXSSMM.html
119,CIVITAS SOCIAL,/exchange/prices-and-markets/stocks/summary/company-summary/GB00BD8HBD32GBGBXSTMM.html
120,CLARKSON,/exchange/prices-and-markets/stocks/summary/company-summary/GB0002018363GBGBXSTMM.html
121,CLIPPER,/exchange/prices-and-markets/stocks/summary/company-summary/GB00BMMV6B79GBGBXSSMM.html
122,CLOSE BR.GRP.,/exchange/prices-and-markets/stocks/summary/company-summary/GB0007668071GBGBXSTMM.html
123,CLS HDGS,/exchange/prices-and-markets/stocks/summary/company-summary/GB00BF044593GBGBXSTMM.html
124,CMC MKTS,/exchange/prices-and-markets/stocks/summary/company-summary/GB00B14SKR37GBGBXSSMM.html
125,COATS GROUP,/exchange/prices-and-markets/stocks/summary/company-summary/GB00B4YZN328GBGBXSTMM.html
126,COBHAM,/exchange/prices-and-markets/stocks/summary/company-summary/GB00B07KD360GBGBXSTMM.html
127,COCACOLA HBC AG,/exchange/prices-and-markets/stocks/summary/company-summary/CH0198251305GBGBXSET1.html
128,COMPASS GROUP,/exchange/prices-and-markets/stocks/summary/company-summary/GB00BD6K4575GBGBXSET1.html
129,COMPUTACENTER,/exchange/prices-and-markets/stocks/summary/company-summary/GB00BV9FP302GBGBXSTMM.html
130,CONNECT GRP,/exchange/prices-and-markets/stocks/summary/company-summary/GB00B17WCR61GBGBXSSMM.html
131,CONSORT MED.,/exchange/prices-and-markets/stocks/summary/company-summary/GB0000946276GBGBXSSMM.html
132,CONTOURGLBL,/exchange/prices-and-markets/stocks/summary/company-summary/GB00BF448H58GBGBXSTMM.html
133,CONVATEC,/exchange/prices-and-markets/stocks/summary/company-summary/GB00BD3VFW73GBGBXSTMM.html
134,COSTAIN GRP.,/exchange/prices-and-markets/stocks/summary/company-summary/GB00B64NSP76GBGBXSSMM.html
135,COUNTRYSIDE,/exchange/prices-and-markets/stocks/summary/company-summary/GB00BYPHNG03GBGBXSTMM.html
136,COUNTRYWIDE,/exchange/prices-and-markets/stocks/summary/company-summary/GB00B9NWP991GBGBXSSMM.html
137,CQS NEW C.H.Y.F,/exchange/prices-and-markets/stocks/summary/company-summary/JE00B1LZS514JEGBXSSMM.html
138,CRANSWICK,/exchange/prices-and-markets/stocks/summary/company-summary/GB0002318888GBGBXSTMM.html
139,CREST NICHOLSON,/exchange/prices-and-markets/stocks/summary/company-summary/GB00B8VZXT93GBGBXSTMM.html
140,CRH,/exchange/prices-and-markets/stocks/summary/company-summary/IE0001827041IEGBXSET1.html
141,CRODA INTL.,/exchange/prices-and-markets/stocks/summary/company-summary/GB00BYZWX769GBGBXSET1.html
142,CUSTODIAN REIT,/exchange/prices-and-markets/stocks/summary/company-summary/GB00BJFLFT45GBGBXSSMM.html
143,CVC CREDIT GBP,/exchange/prices-and-markets/stocks/summary/company-summary/JE00B9MRHZ51JEGBXSSMM.html
144,CYBG,/exchange/prices-and-markets/stocks/summary/company-summary/GB00BD6GN030GBGBXSTMM.html
145,DAEJAN HLDGS,/exchange/prices-and-markets/stocks/summary/company-summary/GB0002502036GBGBXSTMM.html
146,DAIRY CREST,/exchange/prices-and-markets/stocks/summary/company-summary/GB0002502812GBGBXSTMM.html
147,DCC,/exchange/prices-and-markets/stocks/summary/company-summary/IE0002424939IEGBXSET1.html
148,DE LA RUE,/exchange/prices-and-markets/stocks/summary/company-summary/GB00B3DGH821GBGBXSSMM.html
149,DEBENHAMS,/exchange/prices-and-markets/stocks/summary/company-summary/GB00B126KH97GBGBXSSMM.html
150,DECHRA PHARM,/exchange/prices-and-markets/stocks/summary/company-summary/GB0009633180GBGBXSTMM.html
151,DERWENT LONDON,/exchange/prices-and-markets/stocks/summary/company-summary/GB0002652740GBGBXSTMM.html
152,DEVRO,/exchange/prices-and-markets/stocks/summary/company-summary/GB0002670437GBGBXSSMM.html
153,DFS FURN,/exchange/prices-and-markets/stocks/summary/company-summary/GB00BTC0LB89GBGBXSSMM.html
154,DIAGEO,/exchange/prices-and-markets/stocks/summary/company-summary/GB0002374006GBGBXSET1.html
155,DIALIGHT,/exchange/prices-and-markets/stocks/summary/company-summary/GB0033057794GBGBXSSMM.html
156,DIGNITY,/exchange/prices-and-markets/stocks/summary/company-summary/GB00BRB37M78GBGBXSSMM.html
157,DIPLOMA,/exchange/prices-and-markets/stocks/summary/company-summary/GB0001826634GBGBXSTMM.html
158,DIRECT LINE,/exchange/prices-and-markets/stocks/summary/company-summary/GB00BY9D0Y18GBGBXSET1.html
159,DISCOVERIE GRP.,/exchange/prices-and-markets/stocks/summary/company-summary/GB0000055888GBGBXSSMM.html
160,DIVERSE INC,/exchange/prices-and-markets/stocks/summary/company-summary/GB00B65TLW28GBGBXSSMM.html
161,DIXONS CARPHO,/exchange/prices-and-markets/stocks/summary/company-summary/GB00B4Y7R145GBGBXSTMM.html
162,DOMINO'S PIZZA,/exchange/prices-and-markets/stocks/summary/company-summary/GB00BYN59130GBGBXSTMM.html
163,DP EURASIA,/exchange/prices-and-markets/stocks/summary/company-summary/NL0012328801GBGBXSSMM.html
164,DRAX,/exchange/prices-and-markets/stocks/summary/company-summary/GB00B1VNSX38GBGBXSTMM.html
165,DUNEDIN INC.,/exchange/prices-and-markets/stocks/summary/company-summary/GB0003406096GBGBXSSMM.html
166,DUNELM,/exchange/prices-and-markets/stocks/summary/company-summary/GB00B1CKQ739GBGBXSTMM.html
167,EASYJET,/exchange/prices-and-markets/stocks/summary/company-summary/GB00B7KR2P84GBGBXSET1.html
168,ECOFIN GLOBAL,/exchange/prices-and-markets/stocks/summary/company-summary/GB00BD3V4641GBGBXSSMM.html
169,EDIN.DRGN.TST.,/exchange/prices-and-markets/stocks/summary/company-summary/GB0002945029GBGBXSTMM.html
170,EDIN.INV.TST.,/exchange/prices-and-markets/stocks/summary/company-summary/GB0003052338GBGBXSTMM.html
171,EDIN.WWIDE INV,/exchange/prices-and-markets/stocks/summary/company-summary/GB00BHSRZC82GBGBXSSMM.html
172,EDISTON PRPRTY,/exchange/prices-and-markets/stocks/summary/company-summary/GB00BNGMZB68GBGBXSSMM.html
173,EI GRP PLC,/exchange/prices-and-markets/stocks/summary/company-summary/GB00B1L8B624GBGBXSTMM.html
174,ELECTRA PRIVATE,/exchange/prices-and-markets/stocks/summary/company-summary/GB0003085445GBGBXSSMM.html
175,ELECTROCOMPS.,/exchange/prices-and-markets/stocks/summary/company-summary/GB0003096442GBGBXSTMM.html
176,ELEMENTIS,/exchange/prices-and-markets/stocks/summary/company-summary/GB0002418548GBGBXSTMM.html
177,EMPIRIC,/exchange/prices-and-markets/stocks/summary/company-summary/GB00BLWDVR75GBGBXSSMM.html
178,ENERGEAN OIL,/exchange/prices-and-markets/stocks/summary/company-summary/GB00BG12Y042GBGBXSTMM.html
179,ENQUEST,/exchange/prices-and-markets/stocks/summary/company-summary/GB00B635TG28GBGBXSSMM.html
180,ENT. ONE DI,/exchange/prices-and-markets/stocks/summary/company-summary/CA29382B1022JEGBXSTMM.html
181,EP GLOBAL,/exchange/prices-and-markets/stocks/summary/company-summary/GB0033862573GBGBXSSMM.html
182,EQUINITI,/exchange/prices-and-markets/stocks/summary/company-summary/GB00BYWWHR75GBGBXSTMM.html
183,ESSENTRA,/exchange/prices-and-markets/stocks/summary/company-summary/GB00B0744359GBGBXSTMM.html
184,EUROMONEY INST.,/exchange/prices-and-markets/stocks/summary/company-summary/GB0006886666GBGBXSTMM.html
185,EVRAZ,/exchange/prices-and-markets/stocks/summary/company-summary/GB00B71N6K86GBGBXSET1.html
186,EXPERIAN,/exchange/prices-and-markets/stocks/summary/company-summary/GB00B19NLV48JEGBXSET1.html
187,F &C IV.TST,/exchange/prices-and-markets/stocks/summary/company-summary/GB0003466074GBGBXSTMM.html
188,F&C COMM PRP,/exchange/prices-and-markets/stocks/summary/company-summary/GG00B4ZPCJ00GGGBXSTMM.html
189,F&C UK REAL EST,/exchange/prices-and-markets/stocks/summary/company-summary/GB00B012T521GBGBXSSMM.html
190,FDM GROUP HLDG,/exchange/prices-and-markets/stocks/summary/company-summary/GB00BLWDVP51GBGBXSTMM.html
191,FERGUSON,/exchange/prices-and-markets/stocks/summary/company-summary/JE00BFYFZP55JEGBXSET1.html
192,FERREXPO,/exchange/prices-and-markets/stocks/summary/company-summary/GB00B1XH2C03GBGBXSTMM.html
193,FID.EURO.VAL.,/exchange/prices-and-markets/stocks/summary/company-summary/GB00BK1PKQ95GBGBXSTMM.html
194,FID.SP.VAL.,/exchange/prices-and-markets/stocks/summary/company-summary/GB00BWXC7Y93GBGBXSTMM.html
195,FIDELITY ASIAN,/exchange/prices-and-markets/stocks/summary/company-summary/GB0003322319GBGBXSSMM.html
196,FIDELITY CHINA,/exchange/prices-and-markets/stocks/summary/company-summary/GB00B62Z3C74GBGBXSTMM.html
197,FIDELITY JAPAN,/exchange/prices-and-markets/stocks/summary/company-summary/GB0003328555GBGBXSSMM.html
198,FINDEL,/exchange/prices-and-markets/stocks/summary/company-summary/GB00B8B4R053GBGBXSSMM.html
199,FINSBURY GTH.,/exchange/prices-and-markets/stocks/summary/company-summary/GB0007816068GBGBXSTMM.html
200,FIRSTGROUP,/exchange/prices-and-markets/stocks/summary/company-summary/GB0003452173GBGBXSTMM.html
201,FISHER(J)& SONS,/exchange/prices-and-markets/stocks/summary/company-summary/GB0003395000GBGBXSTMM.html
202,FORESIGHT SOLAR,/exchange/prices-and-markets/stocks/summary/company-summary/JE00BD3QJR55JEGBXSSMM.html
203,FORTERRA,/exchange/prices-and-markets/stocks/summary/company-summary/GB00BYYW3C20GBGBXSSMM.html
204,FOXTONS,/exchange/prices-and-markets/stocks/summary/company-summary/GB00BCKFY513GBGBXSSMM.html
205,FRESNILLO,/exchange/prices-and-markets/stocks/summary/company-summary/GB00B2QPKJ12GBGBXSET1.html
206,"FULLER,SMITH'A'",/exchange/prices-and-markets/stocks/summary/company-summary/GB00B1YPC344GBGBXSSMM.html
207,FUNDING CIRC,/exchange/prices-and-markets/stocks/summary/company-summary/GG00BYYJCZ96GGGBXSSMM.html
208,FUNDING CIRCLE,/exchange/prices-and-markets/stocks/summary/company-summary/GB00BG0TPX62GBGBXSTMM.html
209,FUNDSMITH EMERG,/exchange/prices-and-markets/stocks/summary/company-summary/GB00BLSNND18GBGBXSSMM.html
210,G4S,/exchange/prices-and-markets/stocks/summary/company-summary/GB00B01FLG62GBGBXSTMM.html
211,GALLIFORD TRY,/exchange/prices-and-markets/stocks/summary/company-summary/GB00B3Y2J508GBGBXSTMM.html
212,GAMES WORKSHOP,/exchange/prices-and-markets/stocks/summary/company-summary/GB0003718474GBGBXSTMM.html
213,GCP ASSET BCKD,/exchange/prices-and-markets/stocks/summary/company-summary/JE00BYXX8B08JEGBXSSMM.html
214,GCP INFRA.,/exchange/prices-and-markets/stocks/summary/company-summary/JE00B6173J15JEGBXSTMM.html
215,GCP STUDENT LIV,/exchange/prices-and-markets/stocks/summary/company-summary/GB00B8460Z43GBGBXSSMM.html
216,GEM DIAMONDS DI,/exchange/prices-and-markets/stocks/summary/company-summary/VGG379591065GBGBXSSMM.html
217,GENESIS E.M.F.,/exchange/prices-and-markets/stocks/summary/company-summary/GG00B4L0PD47GBGBXSTMM.html
218,GENUS,/exchange/prices-and-markets/stocks/summary/company-summary/GB0002074580GBGBXSTMM.html
219,GEORGIA CAPITAL,/exchange/prices-and-markets/stocks/summary/company-summary/GB00BF4HYV08GBGBXSET3.html
220,GEORGIA H,/exchange/prices-and-markets/stocks/summary/company-summary/GB00BYSS4K11GBGBXSSMM.html
221,GLAXOSMITHKLINE,/exchange/prices-and-markets/stocks/summary/company-summary/GB0009252882GBGBXSET1.html
222,GLENCORE,/exchange/prices-and-markets/stocks/summary/company-summary/JE00B4T3BW64JEGBXSET1.html
223,GO-AHEAD GROUP,/exchange/prices-and-markets/stocks/summary/company-summary/GB0003753778GBGBXSTMM.html
224,GOCOMPARE.COM,/exchange/prices-and-markets/stocks/summary/company-summary/GB00BZ02Q916GBGBXSSMM.html
225,GR.PORTLAND,/exchange/prices-and-markets/stocks/summary/company-summary/GB00BF5H9P87GBGBXSTMM.html
226,GRAFTON GRP.UTS,/exchange/prices-and-markets/stocks/summary/company-summary/IE00B00MZ448IEGBXSTMM.html
227,GRAINGER,/exchange/prices-and-markets/stocks/summary/company-summary/GB00B04V1276GBGBXSTMM.html
228,GREENCOAT UK,/exchange/prices-and-markets/stocks/summary/company-summary/GB00B8SC6K54GBGBXSTMM.html
229,GREENCORE GRP.,/exchange/prices-and-markets/stocks/summary/company-summary/IE0003864109IEGBXSTMM.html
230,GREENE KING,/exchange/prices-and-markets/stocks/summary/company-summary/GB00B0HZP136GBGBXSTMM.html
231,GREGGS,/exchange/prices-and-markets/stocks/summary/company-summary/GB00B63QSB39GBGBXSTMM.html
232,GULF MARINE,/exchange/prices-and-markets/stocks/summary/company-summary/GB00BJVWTM27GBGBXSSMM.html
233,GVC HLDGS,/exchange/prices-and-markets/stocks/summary/company-summary/IM00B5VQMV65IMGBXSET1.html
234,GYM GRP,/exchange/prices-and-markets/stocks/summary/company-summary/GB00BZBX0P70GBGBXSSMM.html
235,HALFORDS,/exchange/prices-and-markets/stocks/summary/company-summary/GB00B012TP20GBGBXSTMM.html
236,HALMA,/exchange/prices-and-markets/stocks/summary/company-summary/GB0004052071GBGBXSET1.html
237,HAMMERSON,/exchange/prices-and-markets/stocks/summary/company-summary/GB0004065016GBGBXSTMM.html
238,HANSA TST PLC,/exchange/prices-and-markets/stocks/summary/company-summary/GB0007879728GBGBXSSMM.html
239,HANSTEEN HLDGS,/exchange/prices-and-markets/stocks/summary/company-summary/GB00B0PPFY88GBGBXSSMM.html
240,HARBOURVEST,/exchange/prices-and-markets/stocks/summary/company-summary/GG00BR30MJ80GBGBXSTMM.html
241,HARGREAVES LANS,/exchange/prices-and-markets/stocks/summary/company-summary/GB00B1VZ0M25GBGBXSET1.html
242,HARWORTH GP,/exchange/prices-and-markets/stocks/summary/company-summary/GB00BYZJ7G42GBGBXSSMM.html
243,HASTINGS GP,/exchange/prices-and-markets/stocks/summary/company-summary/GB00BYRJH519GBGBXSTMM.html
244,HAYS,/exchange/prices-and-markets/stocks/summary/company-summary/GB0004161021GBGBXSTMM.html
245,HEADLAM GROUP,/exchange/prices-and-markets/stocks/summary/company-summary/GB0004170089GBGBXSSMM.html
246,HELICAL PLC,/exchange/prices-and-markets/stocks/summary/company-summary/GB00B0FYMT95GBGBXSSMM.html
247,HEND.EUR.FOCUS,/exchange/prices-and-markets/stocks/summary/company-summary/GB0005268858GBGBXSSMM.html
248,HEND.EURO.,/exchange/prices-and-markets/stocks/summary/company-summary/GB0004199294GBGBXSSMM.html
249,HEND.FAR EAST,/exchange/prices-and-markets/stocks/summary/company-summary/JE00B1GXH751JEGBXSSMM.html
250,HEND.HIGH INC,/exchange/prices-and-markets/stocks/summary/company-summary/GB0009580571GBGBXSSMM.html
251,HEND.SMALL COS.,/exchange/prices-and-markets/stocks/summary/company-summary/GB0009065060GBGBXSSMM.html
252,HENDERSON ALT,/exchange/prices-and-markets/stocks/summary/company-summary/GB0001216000GBGBXSSMM.html
253,HENDERSON DIV,/exchange/prices-and-markets/stocks/summary/company-summary/GB00BF03YC36GBGBXSSMM.html
254,HENDERSON INT.,/exchange/prices-and-markets/stocks/summary/company-summary/GB00B3PHCS86GBGBXSSMM.html
255,HERALD INV.,/exchange/prices-and-markets/stocks/summary/company-summary/GB0004228648GBGBXSTMM.html
256,HG CAPITAL,/exchange/prices-and-markets/stocks/summary/company-summary/GB0003921052GBGBXSTMM.html
257,HICL INF.,/exchange/prices-and-markets/stocks/summary/company-summary/GB00B0T4LH64GGGBXSTMM.html
258,HIGHBRIDGE GBP,/exchange/prices-and-markets/stocks/summary/company-summary/GB00B13YVW48GGGBXSSMM.html
259,HIKMA,/exchange/prices-and-markets/stocks/summary/company-summary/GB00B0LCW083GBGBXSET1.html
260,HILL & SMITH,/exchange/prices-and-markets/stocks/summary/company-summary/GB0004270301GBGBXSTMM.html
261,HILTON FOOD,/exchange/prices-and-markets/stocks/summary/company-summary/GB00B1V9NW54GBGBXSTMM.html
262,HISCOX,/exchange/prices-and-markets/stocks/summary/company-summary/BMG4593F1389JEGBXSET1.html
263,HOCHSCHILD,/exchange/prices-and-markets/stocks/summary/company-summary/GB00B1FW5029GBGBXSTMM.html
264,HOLLYWOOD BWL,/exchange/prices-and-markets/stocks/summary/company-summary/GB00BD0NVK62GBGBXSSMM.html
265,HOMESERVE,/exchange/prices-and-markets/stocks/summary/company-summary/GB00BYYTFB60GBGBXSTMM.html
266,HOSTELWORLD,/exchange/prices-and-markets/stocks/summary/company-summary/GB00BYYN4225GBGBXSSMM.html
267,HOWDEN JOINERY,/exchange/prices-and-markets/stocks/summary/company-summary/GB0005576813GBGBXSTMM.html
268,HSBC HLDGS.UK,/exchange/prices-and-markets/stocks/summary/company-summary/GB0005405286GBGBXSET1.html
269,HUNTING,/exchange/prices-and-markets/stocks/summary/company-summary/GB0004478896GBGBXSTMM.html
270,HUNTSWORTH,/exchange/prices-and-markets/stocks/summary/company-summary/GB00B0CRWK29GBGBXSSMM.html
271,IBSTOCK,/exchange/prices-and-markets/stocks/summary/company-summary/GB00BYXJC278GBGBXSTMM.html
272,ICG ENT TRST,/exchange/prices-and-markets/stocks/summary/company-summary/GB0003292009GBGBXSSMM.html
273,ICG-LONGBOW,/exchange/prices-and-markets/stocks/summary/company-summary/GG00B8C23S81GGGBXSSMM.html
274,IG GROUP,/exchange/prices-and-markets/stocks/summary/company-summary/GB00B06QFB75GBGBXSTMM.html
275,IMI,/exchange/prices-and-markets/stocks/summary/company-summary/GB00BGLP8L22GBGBXSTMM.html
276,IMP.BRANDS,/exchange/prices-and-markets/stocks/summary/company-summary/GB0004544929GBGBXSET1.html
277,IMPAX ENV.MKT,/exchange/prices-and-markets/stocks/summary/company-summary/GB0031232498GBGBXSSMM.html
278,INCHCAPE,/exchange/prices-and-markets/stocks/summary/company-summary/GB00B61TVQ02GBGBXSTMM.html
279,IND.INV.TST,/exchange/prices-and-markets/stocks/summary/company-summary/GB0000811686GBGBXSSMM.html
280,INDIVIOR,/exchange/prices-and-markets/stocks/summary/company-summary/GB00BRS65X63GBGBXSTMM.html
281,INFORMA,/exchange/prices-and-markets/stocks/summary/company-summary/GB00BMJ6DW54GBGBXSET1.html
282,INMARSAT,/exchange/prices-and-markets/stocks/summary/company-summary/GB00B09LSH68GBGBXSTMM.html
283,INT.BIOTECH.,/exchange/prices-and-markets/stocks/summary/company-summary/GB0004559349GBGBXSSMM.html
284,INT.CAP.GRP,/exchange/prices-and-markets/stocks/summary/company-summary/GB00BYT1DJ19GBGBXSTMM.html
285,INTER. PERS.,/exchange/prices-and-markets/stocks/summary/company-summary/GB00B1YKG049GBGBXSSMM.html
286,INTERCON. HOTEL,/exchange/prices-and-markets/stocks/summary/company-summary/GB00BHJYC057GBGBXSET1.html
287,INTERTEK GROUP,/exchange/prices-and-markets/stocks/summary/company-summary/GB0031638363GBGBXSET1.html
288,INTGRAFIN HLDG,/exchange/prices-and-markets/stocks/summary/company-summary/GB00BD45SH49GBGBXSTMM.html
289,INTL CONSOL AIR,/exchange/prices-and-markets/stocks/summary/company-summary/ES0177542018GBGBXSET1.html
290,INTL PUBLIC,/exchange/prices-and-markets/stocks/summary/company-summary/GB00B188SR50GGGBXSTMM.html
291,INTU PROPERTIES,/exchange/prices-and-markets/stocks/summary/company-summary/GB0006834344GBGBXSTMM.html
292,INVESCO ASIA,/exchange/prices-and-markets/stocks/summary/company-summary/GB0004535307GBGBXSSMM.html
293,INVESCO INC GTH,/exchange/prices-and-markets/stocks/summary/company-summary/GB0003585725GBGBXSSMM.html
294,INVESCO PERP UK,/exchange/prices-and-markets/stocks/summary/company-summary/GB00B1FL3C76GBGBXSSMM.html
295,INVESTEC,/exchange/prices-and-markets/stocks/summary/company-summary/GB00B17BBQ50GBGBXSTMM.html
296,IP GROUP,/exchange/prices-and-markets/stocks/summary/company-summary/GB00B128J450GBGBXSTMM.html
297,ITE GRP.,/exchange/prices-and-markets/stocks/summary/company-summary/GB0002520509GBGBXSSMM.html
298,ITV,/exchange/prices-and-markets/stocks/summary/company-summary/GB0033986497GBGBXSET1.html
299,IWG,/exchange/prices-and-markets/stocks/summary/company-summary/JE00BYVQYS01JEGBXSTMM.html
300,JARDINE LLOYD,/exchange/prices-and-markets/stocks/summary/company-summary/GB0005203376GBGBXSTMM.html
301,JD SPORTS,/exchange/prices-and-markets/stocks/summary/company-summary/GB00BYX91H57GBGBXSTMM.html
302,JOHN LAING ENV,/exchange/prices-and-markets/stocks/summary/company-summary/GG00BJL5FH87GGGBXSSMM.html
303,JOHN LAING G,/exchange/prices-and-markets/stocks/summary/company-summary/GB00BVC3CB83GBGBXSTMM.html
304,JOHNSON MATTHEY,/exchange/prices-and-markets/stocks/summary/company-summary/GB00BZ4BQC70GBGBXSET1.html
305,JP MORG.AS,/exchange/prices-and-markets/stocks/summary/company-summary/GB0001320778GBGBXSSMM.html
306,JP MORG.CHIN,/exchange/prices-and-markets/stocks/summary/company-summary/GB0003435012GBGBXSSMM.html
307,JPJ GROUP,/exchange/prices-and-markets/stocks/summary/company-summary/GB00BZ14BX56GBGBXSSMM.html
308,JPMOR INDIAN,/exchange/prices-and-markets/stocks/summary/company-summary/GB0003450359GBGBXSTMM.html
309,JPMOR. JAP.SML,/exchange/prices-and-markets/stocks/summary/company-summary/GB0003165817GBGBXSSMM.html
310,JPMOR.AMER.,/exchange/prices-and-markets/stocks/summary/company-summary/GB00BKZGVH64GBGBXSTMM.html
311,JPMORG.EUR,/exchange/prices-and-markets/stocks/summary/company-summary/GB00BMTS0Z37GBGBXSSMM.html
312,JPMORG.GBL.G&I,/exchange/prices-and-markets/stocks/summary/company-summary/GB00BYMKY695GBGBXSSMM.html
313,JPMORG.SMALLER,/exchange/prices-and-markets/stocks/summary/company-summary/GB00BF7L8P11GBGBXSSMM.html
314,JPMORG.US,/exchange/prices-and-markets/stocks/summary/company-summary/GB00BJL5F346GBGBXSSMM.html
315,JPMORGAN CLAV,/exchange/prices-and-markets/stocks/summary/company-summary/GB0003422184GBGBXSSMM.html
316,JPMORGAN EMERG,/exchange/prices-and-markets/stocks/summary/company-summary/GB0003418950GBGBXSTMM.html
317,JPMORGAN G,/exchange/prices-and-markets/stocks/summary/company-summary/GB00B18JK166GBGBXSSMM.html
318,JPMORGAN GLBL,/exchange/prices-and-markets/stocks/summary/company-summary/GG00B96SW597GGGBXSSMM.html
319,JPMORGAN GLOB,/exchange/prices-and-markets/stocks/summary/company-summary/GB00B5ZZY915GBGBXSSMM.html
320,JPMORGAN I,/exchange/prices-and-markets/stocks/summary/company-summary/GB00B17XWW44GBGBXSSMM.html
321,JPMORGAN JAPAN.,/exchange/prices-and-markets/stocks/summary/company-summary/GB0001740025GBGBXSTMM.html
322,JPMORGAN MID,/exchange/prices-and-markets/stocks/summary/company-summary/GB0002357613GBGBXSSMM.html
323,JPMORGAN RUS,/exchange/prices-and-markets/stocks/summary/company-summary/GB0032164732GBGBXSSMM.html
324,JTC PLC,/exchange/prices-and-markets/stocks/summary/company-summary/JE00BF4X3P53JEGBXSSMM.html
325,JUPITER EURO.,/exchange/prices-and-markets/stocks/summary/company-summary/GB0000197722GBGBXSTMM.html
326,JUPITER FND,/exchange/prices-and-markets/stocks/summary/company-summary/GB00B53P2009GBGBXSTMM.html
327,JUPITER US SML,/exchange/prices-and-markets/stocks/summary/company-summary/GB0003463402GBGBXSSMM.html
328,JUST EAT,/exchange/prices-and-markets/stocks/summary/company-summary/GB00BKX5CN86GBGBXSTMM.html
329,JUST GROUP,/exchange/prices-and-markets/stocks/summary/company-summary/GB00BCRX1J15GBGBXSTMM.html
330,KAINOS GROUP,/exchange/prices-and-markets/stocks/summary/company-summary/GB00BZ0D6727GBGBXSSMM.html
331,KAZ MINERALS,/exchange/prices-and-markets/stocks/summary/company-summary/GB00B0HZPV38GBGBXSTMM.html
332,KCOM GRP,/exchange/prices-and-markets/stocks/summary/company-summary/GB0007448250GBGBXSSMM.html
333,KELLER GRP.,/exchange/prices-and-markets/stocks/summary/company-summary/GB0004866223GBGBXSSMM.html
334,KENMARE RES.,/exchange/prices-and-markets/stocks/summary/company-summary/IE00BDC5DG00IEGBXSSMM.html
335,KEYSTONE IT,/exchange/prices-and-markets/stocks/summary/company-summary/GB0004912068GBGBXSSMM.html
336,KIER GROUP,/exchange/prices-and-markets/stocks/summary/company-summary/GB0004915632GBGBXSSMM.html
337,KINGFISHER,/exchange/prices-and-markets/stocks/summary/company-summary/GB0033195214GBGBXSET1.html
338,LAMPRELL,/exchange/prices-and-markets/stocks/summary/company-summary/GB00B1CL5249IMGBXSSMM.html
339,LANCASHIRE,/exchange/prices-and-markets/stocks/summary/company-summary/BMG5361W1047GBGBXSTMM.html
340,LAND SECS.,/exchange/prices-and-markets/stocks/summary/company-summary/GB00BYW0PQ60GBGBXSET1.html
341,LAW.DEB.CORP,/exchange/prices-and-markets/stocks/summary/company-summary/GB0031429219GBGBXSSMM.html
342,LEGAL&GEN.,/exchange/prices-and-markets/stocks/summary/company-summary/GB0005603997GBGBXSET1.html
343,LINDSELL TRAIN,/exchange/prices-and-markets/stocks/summary/company-summary/GB0031977944GBGBPSSMM.html
344,LIONTRUST A.M.,/exchange/prices-and-markets/stocks/summary/company-summary/GB0007388407GBGBXSSMM.html
345,LLOYDS GRP.,/exchange/prices-and-markets/stocks/summary/company-summary/GB0008706128GBGBXSET1.html
346,LON.STK.EXCH,/exchange/prices-and-markets/stocks/summary/company-summary/GB00B0SWJX34GBGBXSET1.html
347,LONDONMETRIC,/exchange/prices-and-markets/stocks/summary/company-summary/GB00B4WFW713GGGBXSTMM.html
348,LONMIN,/exchange/prices-and-markets/stocks/summary/company-summary/GB00BYSRJ698GBGBXSSMM.html
349,LOOKERS,/exchange/prices-and-markets/stocks/summary/company-summary/GB00B17MMZ46GBGBXSSMM.html
350,LOW & BONAR,/exchange/prices-and-markets/stocks/summary/company-summary/GB0005363014GBGBXSSMM.html
351,LOWLAND INV.,/exchange/prices-and-markets/stocks/summary/company-summary/GB0005368062GBGBXSSMM.html
352,LSL PROP,/exchange/prices-and-markets/stocks/summary/company-summary/GB00B1G5HX72GBGBXSSMM.html
353,LXI REIT,/exchange/prices-and-markets/stocks/summary/company-summary/GB00BYQ46T41GBGBXSSMM.html
354,MACAU PROPERTY,/exchange/prices-and-markets/stocks/summary/company-summary/GG00BGDYFV61GGGBXSSMM.html
355,MACFARLANE GRP.,/exchange/prices-and-markets/stocks/summary/company-summary/GB0005518872GBGBXSSMM.html
356,MAJEDIE INV.,/exchange/prices-and-markets/stocks/summary/company-summary/GB0005555221GBGBXSSMM.html
357,MAN GROUP,/exchange/prices-and-markets/stocks/summary/company-summary/GB00B83VD954GBGBXSTMM.html
358,MARKS & SP.,/exchange/prices-and-markets/stocks/summary/company-summary/GB0031274896GBGBXSET1.html
359,MARSHALLS,/exchange/prices-and-markets/stocks/summary/company-summary/GB00B012BV22GBGBXSTMM.html
360,MARSTON'S,/exchange/prices-and-markets/stocks/summary/company-summary/GB00B1JQDM80GBGBXSSMM.html
361,MARTIN C.ASIA,/exchange/prices-and-markets/stocks/summary/company-summary/GB0005695126GBGBXSSMM.html
362,MARTIN C.GLBL,/exchange/prices-and-markets/stocks/summary/company-summary/GB0005372411GBGBXSSMM.html
363,MCBRIDE,/exchange/prices-and-markets/stocks/summary/company-summary/GB0005746358GBGBXSSMM.html
364,MCCARTHY,/exchange/prices-and-markets/stocks/summary/company-summary/GB00BYNVD082GBGBXSTMM.html
365,MCCOLL'S,/exchange/prices-and-markets/stocks/summary/company-summary/GB00BJ3VW957GBGBXSSMM.html
366,MCKAY SECS.,/exchange/prices-and-markets/stocks/summary/company-summary/GB0005522007GBGBXSSMM.html
367,MEARS GROUP,/exchange/prices-and-markets/stocks/summary/company-summary/GB0005630420GBGBXSSMM.html
368,MEDICA GROUP P.,/exchange/prices-and-markets/stocks/summary/company-summary/GB00BYV24996GBGBXSSMM.html
369,MEDICLINIC,/exchange/prices-and-markets/stocks/summary/company-summary/GB00B8HX8Z88GBGBXSTMM.html
370,MEDICX FUND,/exchange/prices-and-markets/stocks/summary/company-summary/GG00B1DVQL92GGGBXSSMM.html
371,MEGGITT,/exchange/prices-and-markets/stocks/summary/company-summary/GB0005758098GBGBXSTMM.html
372,MELROSE IND,/exchange/prices-and-markets/stocks/summary/company-summary/GB00BZ1G4322GBGBXSET1.html
373,MENZIES(J),/exchange/prices-and-markets/stocks/summary/company-summary/GB0005790059GBGBXSSMM.html
374,MERCANTILE INV.,/exchange/prices-and-markets/stocks/summary/company-summary/GB00BF4JDH58GBGBXSTMM.html
375,MERCHANTS TST,/exchange/prices-and-markets/stocks/summary/company-summary/GB0005800072GBGBXSSMM.html
376,MERLIN,/exchange/prices-and-markets/stocks/summary/company-summary/GB00BDZT6P94GBGBXSTMM.html
377,METRO BK,/exchange/prices-and-markets/stocks/summary/company-summary/GB00BZ6STL67GBGBXSTMM.html
378,MICRO FOCUS,/exchange/prices-and-markets/stocks/summary/company-summary/GB00BD8YWM01GBGBXSET1.html
379,MICROGEN,/exchange/prices-and-markets/stocks/summary/company-summary/GB00BVVHWX30GBGBXSSMM.html
380,MID WYND INT.,/exchange/prices-and-markets/stocks/summary/company-summary/GB00B6VTTK07GBGBXSSMM.html
381,MIDDLEFIELD PRF,/exchange/prices-and-markets/stocks/summary/company-summary/GB00B15PV034GBGBXSSMM.html
382,MILLENNIUM &COP,/exchange/prices-and-markets/stocks/summary/company-summary/GB0005622542GBGBXSTMM.html
383,MITCHELLS & BUT,/exchange/prices-and-markets/stocks/summary/company-summary/GB00B1FP6H53GBGBXSTMM.html
384,MITIE GRP.,/exchange/prices-and-markets/stocks/summary/company-summary/GB0004657408GBGBXSSMM.html
385,MJ GLEESON,/exchange/prices-and-markets/stocks/summary/company-summary/GB00BRKD9Z53GBGBXSSMM.html
386,MONDI,/exchange/prices-and-markets/stocks/summary/company-summary/GB00B1CRLC47GBGBXSET1.html
387,MONEYSUP.,/exchange/prices-and-markets/stocks/summary/company-summary/GB00B1ZBKY84GBGBXSTMM.html
388,MONKS INV.TST.,/exchange/prices-and-markets/stocks/summary/company-summary/GB0030517261GBGBXSTMM.html
389,MONTANARO,/exchange/prices-and-markets/stocks/summary/company-summary/GB0004543517GBGBXSSMM.html
390,MONTANARO UK,/exchange/prices-and-markets/stocks/summary/company-summary/GB00BZ1H9L86GBGBXSSMM.html
391,MORGAN ADVANCED,/exchange/prices-and-markets/stocks/summary/company-summary/GB0006027295GBGBXSTMM.html
392,MORGN SINDL GRP,/exchange/prices-and-markets/stocks/summary/company-summary/GB0008085614GBGBXSSMM.html
393,MORRISON (WM),/exchange/prices-and-markets/stocks/summary/company-summary/GB0006043169GBGBXSET1.html
394,MOTORPOINT,/exchange/prices-and-markets/stocks/summary/company-summary/GB00BD0SFR60GBGBXSSMM.html
395,MURRAY INC.TST.,/exchange/prices-and-markets/stocks/summary/company-summary/GB0006111123GBGBXSSMM.html
396,MURRAY INTL.TST,/exchange/prices-and-markets/stocks/summary/company-summary/GB0006111909GBGBXSTMM.html
397,NANOCO,/exchange/prices-and-markets/stocks/summary/company-summary/GB00B01JLR99GBGBXSSMM.html
398,NAT.EXPRESS,/exchange/prices-and-markets/stocks/summary/company-summary/GB0006215205GBGBXSTMM.html
399,NATIONAL GRID,/exchange/prices-and-markets/stocks/summary/company-summary/GB00BDR05C01GBGBXSET1.html
400,NB GLOBAL £,/exchange/prices-and-markets/stocks/summary/company-summary/GG00B3KX4Q34GGGBXSTMM.html
401,NB PRIV. EQTY,/exchange/prices-and-markets/stocks/summary/company-summary/GG00B1ZBD492GGGBXSSMM.html
402,NCC GRP,/exchange/prices-and-markets/stocks/summary/company-summary/GB00B01QGK86GBGBXSSMM.html
403,NEWRIVER REIT,/exchange/prices-and-markets/stocks/summary/company-summary/GB00BD7XPJ64GBGBXSTMM.html
404,NEXT,/exchange/prices-and-markets/stocks/summary/company-summary/GB0032089863GBGBXSET1.html
405,NEXTENERGY SOL.,/exchange/prices-and-markets/stocks/summary/company-summary/GG00BJ0JVY01GGGBXSSMM.html
406,NMC HEALTH,/exchange/prices-and-markets/stocks/summary/company-summary/GB00B7FC0762GBGBXSET1.html
407,NORCROS,/exchange/prices-and-markets/stocks/summary/company-summary/GB00BYYJL418GBGBXSSMM.html
408,NORTH AMERICAN,/exchange/prices-and-markets/stocks/summary/company-summary/GB0000293620GBGBXSSMM.html
409,NORTH ATL.SMLR,/exchange/prices-and-markets/stocks/summary/company-summary/GB0006439003GBGBXSSMM.html
410,NORTHGATE,/exchange/prices-and-markets/stocks/summary/company-summary/GB00B41H7391GBGBXSSMM.html
411,NOSTRUM OIL&GAS,/exchange/prices-and-markets/stocks/summary/company-summary/GB00BGP6Q951GBGBXSSMM.html
412,OCADO,/exchange/prices-and-markets/stocks/summary/company-summary/GB00B3MBS747GBGBXSET1.html
413,ON THE BEACH,/exchange/prices-and-markets/stocks/summary/company-summary/GB00BYM1K758GBGBXSSMM.html
414,ONESAVINGS,/exchange/prices-and-markets/stocks/summary/company-summary/GB00BM7S7K96GBGBXSTMM.html
415,OPHIR ENERGY,/exchange/prices-and-markets/stocks/summary/company-summary/GB00B24CT194GBGBXSSMM.html
416,OXFORD BIOMED.,/exchange/prices-and-markets/stocks/summary/company-summary/GB00BDFBVT43GBGBXSSMM.html
417,OXFORD INSTRMNT,/exchange/prices-and-markets/stocks/summary/company-summary/GB0006650450GBGBXSSMM.html
418,P2P GLOBAL INVE,/exchange/prices-and-markets/stocks/summary/company-summary/GB00BLP57Y95GBGBXSSMM.html
419,PACIFIC ASSETS,/exchange/prices-and-markets/stocks/summary/company-summary/GB0006674385GBGBXSSMM.html
420,PACIFIC HORIZON,/exchange/prices-and-markets/stocks/summary/company-summary/GB0006667470GBGBXSSMM.html
421,PADDY PWR BET,/exchange/prices-and-markets/stocks/summary/company-summary/IE00BWT6H894IEGBXSET1.html
422,PAGEGROUP,/exchange/prices-and-markets/stocks/summary/company-summary/GB0030232317GBGBXSTMM.html
423,PALACE CAPITAL,/exchange/prices-and-markets/stocks/summary/company-summary/GB00BF5SGF06GBGBXSSMM.html
424,PANTHEON INT.,/exchange/prices-and-markets/stocks/summary/company-summary/GB0004148507GBGBXSTMM.html
425,PARAGON GRP.,/exchange/prices-and-markets/stocks/summary/company-summary/GB00B2NGPM57GBGBXSTMM.html
426,PAYPOINT,/exchange/prices-and-markets/stocks/summary/company-summary/GB00B02QND93GBGBXSSMM.html
427,PEARSON,/exchange/prices-and-markets/stocks/summary/company-summary/GB0006776081GBGBXSET1.html
428,PENDRAGON,/exchange/prices-and-markets/stocks/summary/company-summary/GB00B1JQBT10GBGBXSSMM.html
429,PENNON GROUP,/exchange/prices-and-markets/stocks/summary/company-summary/GB00B18V8630GBGBXSTMM.html
430,PERPTL.I&G.INV.,/exchange/prices-and-markets/stocks/summary/company-summary/GB0006798424GBGBXSTMM.html
431,PERSHING SQUARE,/exchange/prices-and-markets/stocks/summary/company-summary/GG00BPFJTF46GGGBXSTMM.html
432,PERSIMMON,/exchange/prices-and-markets/stocks/summary/company-summary/GB0006825383GBGBXSET1.html
433,PERSONAL ASSETS,/exchange/prices-and-markets/stocks/summary/company-summary/GB0006827546GBGBXSTMM.html
434,PETRA DIAMONDS,/exchange/prices-and-markets/stocks/summary/company-summary/BMG702781094JEGBXSSMM.html
435,PETROFAC,/exchange/prices-and-markets/stocks/summary/company-summary/GB00B0H2K534JEGBXSTMM.html
436,PETROPAVLOVSK,/exchange/prices-and-markets/stocks/summary/company-summary/GB0031544546GBGBXSSMM.html
437,PETS AT HOME,/exchange/prices-and-markets/stocks/summary/company-summary/GB00BJ62K685GBGBXSSMM.html
438,PHOENIX GRP HDG,/exchange/prices-and-markets/stocks/summary/company-summary/GB00BGXQNP29GBGBXSTMM.html
439,PHOENIX SPREE D,/exchange/prices-and-markets/stocks/summary/company-summary/JE00B248KJ21JEGBXSSMM.html
440,PHOTO-ME INTL.,/exchange/prices-and-markets/stocks/summary/company-summary/GB0008481250GBGBXSSMM.html
441,PICTON PROP,/exchange/prices-and-markets/stocks/summary/company-summary/GB00B0LCW208GGGBXSSMM.html
442,PLAYTECH,/exchange/prices-and-markets/stocks/summary/company-summary/IM00B7S9G985IMGBXSTMM.html
443,PLUS500,/exchange/prices-and-markets/stocks/summary/company-summary/IL0011284465GBGBXSTMM.html
444,POLAR CAP GBL,/exchange/prices-and-markets/stocks/summary/company-summary/GB00B9XQT119GBGBXSSMM.html
445,POLAR CAP GLBL,/exchange/prices-and-markets/stocks/summary/company-summary/GB00B6832P16GBGBXSSMM.html
446,POLAR CAP.,/exchange/prices-and-markets/stocks/summary/company-summary/GB0004220025GBGBXSTMM.html
447,POLYMETAL INT,/exchange/prices-and-markets/stocks/summary/company-summary/JE00B6T5S470JEGBXSTMM.html
448,POLYPIPE GROUP,/exchange/prices-and-markets/stocks/summary/company-summary/GB00BKRC5K31GBGBXSTMM.html
449,PORVAIR,/exchange/prices-and-markets/stocks/summary/company-summary/GB0006963689GBGBXSSMM.html
450,PREM FOODS,/exchange/prices-and-markets/stocks/summary/company-summary/GB00B7N0K053GBGBXSSMM.html
451,PREMIER OIL,/exchange/prices-and-markets/stocks/summary/company-summary/GB00B43G0577GBGBXSTMM.html
452,PRIMARY HEALTH,/exchange/prices-and-markets/stocks/summary/company-summary/GB00BYRJ5J14GBGBXSTMM.html
453,PRINCESS PRIV £,/exchange/prices-and-markets/stocks/summary/company-summary/GG00B28C2R28ZZGBXSSMM.html
454,PROVIDENT FIN.,/exchange/prices-and-markets/stocks/summary/company-summary/GB00B1Z4ST84GBGBXSTMM.html
455,PRUDENTIAL,/exchange/prices-and-markets/stocks/summary/company-summary/GB0007099541GBGBXSET1.html
456,PURECIRCLE,/exchange/prices-and-markets/stocks/summary/company-summary/BMG7300G1096GBGBXSSMM.html
457,PURETECH,/exchange/prices-and-markets/stocks/summary/company-summary/GB00BY2Z0H74GBGBXSSMM.html
458,PZ CUSSONS,/exchange/prices-and-markets/stocks/summary/company-summary/GB00B19Z1432GBGBXSTMM.html
459,QINETIQ,/exchange/prices-and-markets/stocks/summary/company-summary/GB00B0WMWD03GBGBXSTMM.html
460,QUILTER PLC,/exchange/prices-and-markets/stocks/summary/company-summary/GB00BDCXV269GBGBXSTMM.html
461,RANGER DLF,/exchange/prices-and-markets/stocks/summary/company-summary/GB00BW4NPD65GBGBXSSMM.html
462,RANK GRP.,/exchange/prices-and-markets/stocks/summary/company-summary/GB00B1L5QH97GBGBXSTMM.html
463,RATHBONE BROS,/exchange/prices-and-markets/stocks/summary/company-summary/GB0002148343GBGBXSTMM.html
464,RAVEN PROP,/exchange/prices-and-markets/stocks/summary/company-summary/GB00B0D5V538GBGBXSSMM.html
465,RDI REIT,/exchange/prices-and-markets/stocks/summary/company-summary/IM00BH3JLY32IMGBXSSMM.html
466,RDS 'A',/exchange/prices-and-markets/stocks/summary/company-summary/GB00B03MLX29GBGBXSET1.html
467,RDS 'B',/exchange/prices-and-markets/stocks/summary/company-summary/GB00B03MM408GBGBXSET1.html
468,REACH PLC,/exchange/prices-and-markets/stocks/summary/company-summary/GB0009039941GBGBXSSMM.html
469,REAL EST.CRED,/exchange/prices-and-markets/stocks/summary/company-summary/GB00B0HW5366GBGBXSSMM.html
470,RECKITT BEN. GP,/exchange/prices-and-markets/stocks/summary/company-summary/GB00B24CGK77GBGBXSET1.html
471,REDROW,/exchange/prices-and-markets/stocks/summary/company-summary/GB0007282386GBGBXSTMM.html
472,REGIONAL REIT,/exchange/prices-and-markets/stocks/summary/company-summary/GG00BYV2ZQ34GGGBXSSMM.html
473,RELX,/exchange/prices-and-markets/stocks/summary/company-summary/GB00B2B0DG97GBGBXSET1.html
474,RENEWABLES,/exchange/prices-and-markets/stocks/summary/company-summary/GG00BBHX2H91GGGBXSTMM.html
475,RENEWI PLC,/exchange/prices-and-markets/stocks/summary/company-summary/GB0007995243GBGBXSSMM.html
476,RENISHAW,/exchange/prices-and-markets/stocks/summary/company-summary/GB0007323586GBGBXSTMM.html
477,RENTOKIL INITL.,/exchange/prices-and-markets/stocks/summary/company-summary/GB00B082RF11GBGBXSET1.html
478,RESIDENTIAL SEC,/exchange/prices-and-markets/stocks/summary/company-summary/GB00BYSX1508GBGBXSSMM.html
479,RESTAURANT GP,/exchange/prices-and-markets/stocks/summary/company-summary/GB00B0YG1K06GBGBXSTMM.html
480,RHI MAGNESITA,/exchange/prices-and-markets/stocks/summary/company-summary/NL0012650360GBGBXSTMM.html
481,RICARDO,/exchange/prices-and-markets/stocks/summary/company-summary/GB0007370074GBGBXSSMM.html
482,RIGHTMOVE,/exchange/prices-and-markets/stocks/summary/company-summary/GB00BGDT3G23GBGBXSET1.html
483,RIO TINTO,/exchange/prices-and-markets/stocks/summary/company-summary/GB0007188757GBGBXSET1.html
484,RIT CAPITAL,/exchange/prices-and-markets/stocks/summary/company-summary/GB0007366395GBGBXSTMM.html
485,RIVER MER,/exchange/prices-and-markets/stocks/summary/company-summary/GB00BLZH7X42GBGBXSSMM.html
486,RIVERSTONE,/exchange/prices-and-markets/stocks/summary/company-summary/GG00BBHXCL35GGGBXSTMM.html
487,ROBERT WALT.,/exchange/prices-and-markets/stocks/summary/company-summary/GB0008475088GBGBXSSMM.html
488,ROLLS-ROYCE HLG,/exchange/prices-and-markets/stocks/summary/company-summary/GB00B63H8491GBGBXSET1.html
489,ROTORK,/exchange/prices-and-markets/stocks/summary/company-summary/GB00BVFNZH21GBGBXSTMM.html
490,ROYAL BANK SCOT,/exchange/prices-and-markets/stocks/summary/company-summary/GB00B7T77214GBGBXSET1.html
491,ROYAL MAIL,/exchange/prices-and-markets/stocks/summary/company-summary/GB00BDVZYZ77GBGBXSTMM.html
492,RPC GRP.,/exchange/prices-and-markets/stocks/summary/company-summary/GB0007197378GBGBXSTMM.html
493,RPS GRP.,/exchange/prices-and-markets/stocks/summary/company-summary/GB0007594764GBGBXSSMM.html
494,RSA INS.,/exchange/prices-and-markets/stocks/summary/company-summary/GB00BKKMKR23GBGBXSET1.html
495,RUFFER INV. CO.,/exchange/prices-and-markets/stocks/summary/company-summary/GB00B018CS46GBGBXSSMM.html
496,S & U,/exchange/prices-and-markets/stocks/summary/company-summary/GB0007655037GBGBXSSMM.html
497,SABRE INSUR,/exchange/prices-and-markets/stocks/summary/company-summary/GB00BYWVDP49GBGBXSTMM.html
498,SAFESTORE,/exchange/prices-and-markets/stocks/summary/company-summary/GB00B1N7Z094GBGBXSTMM.html
499,SAGA,/exchange/prices-and-markets/stocks/summary/company-summary/GB00BLT1Y088GBGBXSTMM.html
500,SAGE GRP.,/exchange/prices-and-markets/stocks/summary/company-summary/GB00B8C3BL03GBGBXSET1.html
501,SAINSBURY(J),/exchange/prices-and-markets/stocks/summary/company-summary/GB00B019KW72GBGBXSET1.html
502,SANNE GROUP,/exchange/prices-and-markets/stocks/summary/company-summary/JE00BVRZ8S85JEGBXSTMM.html
503,SAVILLS,/exchange/prices-and-markets/stocks/summary/company-summary/GB00B135BJ46GBGBXSTMM.html
504,SCHRODER ASIA,/exchange/prices-and-markets/stocks/summary/company-summary/GB0007918872GBGBXSTMM.html
505,SCHRODER ASIAN,/exchange/prices-and-markets/stocks/summary/company-summary/GB0008710799GBGBXSSMM.html
506,SCHRODER EUR.R,/exchange/prices-and-markets/stocks/summary/company-summary/GB00BY7R8K77GBGBXSSMM.html
507,SCHRODER INC.,/exchange/prices-and-markets/stocks/summary/company-summary/GB0007915860GBGBXSSMM.html
508,SCHRODER JAPAN,/exchange/prices-and-markets/stocks/summary/company-summary/GB0008022849GBGBXSSMM.html
509,SCHRODER ORIENT,/exchange/prices-and-markets/stocks/summary/company-summary/GB00B0CRWN59GBGBXSSMM.html
510,SCHRODER REAL,/exchange/prices-and-markets/stocks/summary/company-summary/GB00B01HM147GBGBXSSMM.html
511,SCHRODER UK M&S,/exchange/prices-and-markets/stocks/summary/company-summary/GB0006108418GBGBXSSMM.html
512,SCHRODERS,/exchange/prices-and-markets/stocks/summary/company-summary/GB0002405495GBGBXSET1.html
513,SCOT.AMER.INV.,/exchange/prices-and-markets/stocks/summary/company-summary/GB0007873697GBGBXSSMM.html
514,SCOT.INV.TST.,/exchange/prices-and-markets/stocks/summary/company-summary/GB0007826091GBGBXSTMM.html
515,SCOT.ORNTL.SMLL,/exchange/prices-and-markets/stocks/summary/company-summary/GB0007836132GBGBXSSMM.html
516,SCOTTISH MORT,/exchange/prices-and-markets/stocks/summary/company-summary/GB00BLDYK618GBGBXSET1.html
517,SDL,/exchange/prices-and-markets/stocks/summary/company-summary/GB0009376368GBGBXSSMM.html
518,SECS.SCOTLAND,/exchange/prices-and-markets/stocks/summary/company-summary/GB00B09G3N23GBGBXSSMM.html
519,SEGRO,/exchange/prices-and-markets/stocks/summary/company-summary/GB00B5ZN1N88GBGBXSET1.html
520,SENIOR,/exchange/prices-and-markets/stocks/summary/company-summary/GB0007958233GBGBXSTMM.html
521,SEQUOIA ECO,/exchange/prices-and-markets/stocks/summary/company-summary/GG00BV54HY67GGGBXSTMM.html
522,SERCO GRP.,/exchange/prices-and-markets/stocks/summary/company-summary/GB0007973794GBGBXSTMM.html
523,SEVERFIELD,/exchange/prices-and-markets/stocks/summary/company-summary/GB00B27YGJ97GBGBXSSMM.html
524,SEVERN TRENT,/exchange/prices-and-markets/stocks/summary/company-summary/GB00B1FH8J72GBGBXSET1.html
525,SHAFTESBURY,/exchange/prices-and-markets/stocks/summary/company-summary/GB0007990962GBGBXSTMM.html
526,SIG,/exchange/prices-and-markets/stocks/summary/company-summary/GB0008025412GBGBXSTMM.html
527,SIRIUS MINERALS,/exchange/prices-and-markets/stocks/summary/company-summary/GB00B0DG3H29GBGBXSTMM.html
528,SIRIUS R E.,/exchange/prices-and-markets/stocks/summary/company-summary/GG00B1W3VF54GGGBXSSMM.html
529,SMITH&NEPHEW,/exchange/prices-and-markets/stocks/summary/company-summary/GB0009223206GBGBXSET1.html
530,SMITH(DS),/exchange/prices-and-markets/stocks/summary/company-summary/GB0008220112GBGBXSET1.html
531,SMITHS GROUP,/exchange/prices-and-markets/stocks/summary/company-summary/GB00B1WY2338GBGBXSET1.html
532,SMITHSON INVEST,/exchange/prices-and-markets/stocks/summary/company-summary/GB00BGJWTR88GBGBXSTMM.html
533,SMURFIT KAP.,/exchange/prices-and-markets/stocks/summary/company-summary/IE00B1RR8406IEGBXSET1.html
534,SOCO INTL.,/exchange/prices-and-markets/stocks/summary/company-summary/GB00B572ZV91GBGBXSSMM.html
535,SOFTCAT,/exchange/prices-and-markets/stocks/summary/company-summary/GB00BYZDVK82GBGBXSTMM.html
536,SOPHOS GRP,/exchange/prices-and-markets/stocks/summary/company-summary/GB00BYZFZ918GBGBXSTMM.html
537,SPECTRIS,/exchange/prices-and-markets/stocks/summary/company-summary/GB0003308607GBGBXSTMM.html
538,SPEEDY HIRE,/exchange/prices-and-markets/stocks/summary/company-summary/GB0000163088GBGBXSSMM.html
539,SPIRAX-SARCO,/exchange/prices-and-markets/stocks/summary/company-summary/GB00BWFGQN14GBGBXSET1.html
540,SPIRE HEALTH,/exchange/prices-and-markets/stocks/summary/company-summary/GB00BNLPYF73GBGBXSSMM.html
541,SPIRENT,/exchange/prices-and-markets/stocks/summary/company-summary/GB0004726096GBGBXSTMM.html
542,SPORTECH,/exchange/prices-and-markets/stocks/summary/company-summary/GB00B28ZPV64GBGBXSSMM.html
543,SPORTSDIRECT,/exchange/prices-and-markets/stocks/summary/company-summary/GB00B1QH8P22GBGBXSTMM.html
544,SQN ASSET FIN,/exchange/prices-and-markets/stocks/summary/company-summary/GG00BN56JF17GGGBXSSMM.html
545,SQN ASSET FIN C,/exchange/prices-and-markets/stocks/summary/company-summary/GG00BFXYHJ13GGGBXSSMM.html
546,SSE,/exchange/prices-and-markets/stocks/summary/company-summary/GB0007908733GBGBXSET1.html
547,SSP GRP,/exchange/prices-and-markets/stocks/summary/company-summary/GB00BFWK4V16GBGBXSTMM.html
548,ST.JAMES'S PLAC,/exchange/prices-and-markets/stocks/summary/company-summary/GB0007669376GBGBXSET1.html
549,ST.MODWEN PROP.,/exchange/prices-and-markets/stocks/summary/company-summary/GB0007291015GBGBXSTMM.html
550,STAGECOACH,/exchange/prices-and-markets/stocks/summary/company-summary/GB00B6YTLS95GBGBXSTMM.html
551,STAND LIFE UK,/exchange/prices-and-markets/stocks/summary/company-summary/GB0002959582GBGBXSSMM.html
552,STAND.CHART.,/exchange/prices-and-markets/stocks/summary/company-summary/GB0004082847GBGBXSET1.html
553,STARWOOD EUR,/exchange/prices-and-markets/stocks/summary/company-summary/GG00B79WC100GGGBXSSMM.html
554,STD LFE IN PTY,/exchange/prices-and-markets/stocks/summary/company-summary/GB0033875286GBGBXSSMM.html
555,STD LIFE ABER,/exchange/prices-and-markets/stocks/summary/company-summary/GB00BF8Q6K64GBGBXSET1.html
556,STD LIFE PRIV.,/exchange/prices-and-markets/stocks/summary/company-summary/GB0030474687GBGBXSSMM.html
557,STHREE,/exchange/prices-and-markets/stocks/summary/company-summary/GB00B0KM9T71GBGBXSSMM.html
558,STOBART,/exchange/prices-and-markets/stocks/summary/company-summary/GB00B03HDJ73GBGBXSTMM.html
559,STOCK SPIRIT,/exchange/prices-and-markets/stocks/summary/company-summary/GB00BF5SDZ96GBGBXSSMM.html
560,STRATEGIC EQTY,/exchange/prices-and-markets/stocks/summary/company-summary/GB00B0BDCB21GBGBXSSMM.html
561,STVG,/exchange/prices-and-markets/stocks/summary/company-summary/GB00B3CX3644GBGBXSSMM.html
562,SUPERDRY,/exchange/prices-and-markets/stocks/summary/company-summary/GB00B60BD277GBGBXSTMM.html
563,SYNCONA,/exchange/prices-and-markets/stocks/summary/company-summary/GG00B8P59C08GGGBXSTMM.html
564,SYNTHOMER,/exchange/prices-and-markets/stocks/summary/company-summary/GB0009887422GBGBXSTMM.html
565,TALKTALK,/exchange/prices-and-markets/stocks/summary/company-summary/GB00B4YCDF59GBGBXSTMM.html
566,TARGET HEALTH,/exchange/prices-and-markets/stocks/summary/company-summary/JE00B95CGW71GBGBXSSMM.html
567,TARSUS GRP.,/exchange/prices-and-markets/stocks/summary/company-summary/JE00B3DG9318JEGBXSSMM.html
568,TATE & LYLE,/exchange/prices-and-markets/stocks/summary/company-summary/GB0008754136GBGBXSTMM.html
569,TAYLOR WIMPEY,/exchange/prices-and-markets/stocks/summary/company-summary/GB0008782301GBGBXSET1.html
570,TBC BANK GP,/exchange/prices-and-markets/stocks/summary/company-summary/GB00BYT18307GBGBXSTMM.html
571,TED BAKER,/exchange/prices-and-markets/stocks/summary/company-summary/GB0001048619GBGBXSTMM.html
572,TELECOM PLUS,/exchange/prices-and-markets/stocks/summary/company-summary/GB0008794710GBGBXSTMM.html
573,TEMPLE BAR,/exchange/prices-and-markets/stocks/summary/company-summary/GB0008825324GBGBXSTMM.html
574,TEMPLETON EMRG.,/exchange/prices-and-markets/stocks/summary/company-summary/GB0008829292GBGBXSTMM.html
575,TEN ENT GRP,/exchange/prices-and-markets/stocks/summary/company-summary/GB00BF020D33GBGBXSSMM.html
576,TESCO,/exchange/prices-and-markets/stocks/summary/company-summary/GB0008847096GBGBXSET1.html
577,THE EURO INV,/exchange/prices-and-markets/stocks/summary/company-summary/GB0003295010GBGBXSSMM.html
578,THE VITEC GRP.,/exchange/prices-and-markets/stocks/summary/company-summary/GB0009296665GBGBXSSMM.html
579,THIRD POI. $,/exchange/prices-and-markets/stocks/summary/company-summary/GG00B1YQ7219ZZGBXSSMM.html
580,THOMAS COOK,/exchange/prices-and-markets/stocks/summary/company-summary/GB00B1VYCH82GBGBXSSMM.html
581,TI FLUID,/exchange/prices-and-markets/stocks/summary/company-summary/GB00BYQB9V88GBGBXSTMM.html
582,TOPPS TILES,/exchange/prices-and-markets/stocks/summary/company-summary/GB00B18P5K83GBGBXSSMM.html
583,TOWN CENTRE,/exchange/prices-and-markets/stocks/summary/company-summary/GB0003062816GBGBXSSMM.html
584,TP ICAP,/exchange/prices-and-markets/stocks/summary/company-summary/GB00B1H0DZ51GBGBXSTMM.html
585,TR EURO.GROWTH,/exchange/prices-and-markets/stocks/summary/company-summary/GB0009066928GBGBXSSMM.html
586,TR PROP.INV.TST,/exchange/prices-and-markets/stocks/summary/company-summary/GB0009064097GBGBXSTMM.html
587,TRAVIS PERKINS,/exchange/prices-and-markets/stocks/summary/company-summary/GB0007739609GBGBXSTMM.html
588,TREATT,/exchange/prices-and-markets/stocks/summary/company-summary/GB00BKS7YK08GBGBXSSMM.html
589,TRIFAST,/exchange/prices-and-markets/stocks/summary/company-summary/GB0008883927GBGBXSSMM.html
590,TRIPLE PNT SOC,/exchange/prices-and-markets/stocks/summary/company-summary/GB00BF0P7H59GBGBXSSMM.html
591,TRITAX BIG BOX,/exchange/prices-and-markets/stocks/summary/company-summary/GB00BG49KP99GBGBXSTMM.html
592,TROY INCOME,/exchange/prices-and-markets/stocks/summary/company-summary/GB0003708665GBGBXSSMM.html
593,TT ELECTRONICS,/exchange/prices-and-markets/stocks/summary/company-summary/GB0008711763GBGBXSSMM.html
594,TUI AG,/exchange/prices-and-markets/stocks/summary/company-summary/DE000TUAG000GBGBXSET1.html
595,TULLOW OIL,/exchange/prices-and-markets/stocks/summary/company-summary/GB0001500809GBGBXSTMM.html
596,TWENTYFOUR INC,/exchange/prices-and-markets/stocks/summary/company-summary/GG00B90J5Z95GGGBXSSMM.html
597,TWENTYFOUR SEL,/exchange/prices-and-markets/stocks/summary/company-summary/GG00BJVDZ946GGGBXSSMM.html
598,TYMAN,/exchange/prices-and-markets/stocks/summary/company-summary/GB00B29H4253GBGBXSSMM.html
599,U AND I GROUP,/exchange/prices-and-markets/stocks/summary/company-summary/GB0002668464GBGBXSSMM.html
600,UDG HEALTHCARE,/exchange/prices-and-markets/stocks/summary/company-summary/IE0033024807IEGBXSTMM.html
601,UK COMM PROP,/exchange/prices-and-markets/stocks/summary/company-summary/GB00B19Z2J52GGGBXSTMM.html
602,ULTRA ELEC.,/exchange/prices-and-markets/stocks/summary/company-summary/GB0009123323GBGBXSTMM.html
603,UNILEVER,/exchange/prices-and-markets/stocks/summary/company-summary/GB00B10RZP78GBGBXSET1.html
604,UNITE GROUP,/exchange/prices-and-markets/stocks/summary/company-summary/GB0006928617GBGBXSTMM.html
605,UTD. UTILITIES,/exchange/prices-and-markets/stocks/summary/company-summary/GB00B39J2M42GBGBXSET1.html
606,UTILICO EM.MKTS,/exchange/prices-and-markets/stocks/summary/company-summary/GB00BD45S967GBGBXSSMM.html
607,VALUE AND INC,/exchange/prices-and-markets/stocks/summary/company-summary/GB0008484718GBGBXSSMM.html
608,VECTURA,/exchange/prices-and-markets/stocks/summary/company-summary/GB00B01D1K48GBGBXSSMM.html
609,VESUVIUS,/exchange/prices-and-markets/stocks/summary/company-summary/GB00B82YXW83GBGBXSTMM.html
610,VICTREX,/exchange/prices-and-markets/stocks/summary/company-summary/GB0009292243GBGBXSTMM.html
611,VIETNAM ENT,/exchange/prices-and-markets/stocks/summary/company-summary/KYG9361H1092GBGBXSTMM.html
612,VINACAP VIET OP,/exchange/prices-and-markets/stocks/summary/company-summary/GG00BYXVT888GGGBXSTMM.html
613,VIVO ENERGY,/exchange/prices-and-markets/stocks/summary/company-summary/GB00BDGT2M75GBGBXSTMM.html
614,VODAFONE GRP.,/exchange/prices-and-markets/stocks/summary/company-summary/GB00BH4HKS39GBGBXSET1.html
615,VOLUTION,/exchange/prices-and-markets/stocks/summary/company-summary/GB00BN3ZZ526GBGBXSSMM.html
616,VP,/exchange/prices-and-markets/stocks/summary/company-summary/GB0009286963GBGBXSSMM.html
617,VPC SPECIALTY,/exchange/prices-and-markets/stocks/summary/company-summary/GB00BVG6X439GBGBXSSMM.html
618,WEIR GRP.,/exchange/prices-and-markets/stocks/summary/company-summary/GB0009465807GBGBXSTMM.html
619,WETHERSPOON(JD),/exchange/prices-and-markets/stocks/summary/company-summary/GB0001638955GBGBXSTMM.html
620,WH SMITH,/exchange/prices-and-markets/stocks/summary/company-summary/GB00B2PDGW16GBGBXSTMM.html
621,WHITBREAD,/exchange/prices-and-markets/stocks/summary/company-summary/GB00B1KJJ408GBGBXSET1.html
622,WILLIAM HILL,/exchange/prices-and-markets/stocks/summary/company-summary/GB0031698896GBGBXSTMM.html
623,WINCANTON,/exchange/prices-and-markets/stocks/summary/company-summary/GB0030329360GBGBXSSMM.html
624,WITAN INV TST,/exchange/prices-and-markets/stocks/summary/company-summary/GB0009744060GBGBXSTMM.html
625,WITAN PAC,/exchange/prices-and-markets/stocks/summary/company-summary/GB0003656021GBGBXSSMM.html
626,WIZZ AIR,/exchange/prices-and-markets/stocks/summary/company-summary/JE00BN574F90JEGBXSTMM.html
627,WOOD GRP(J),/exchange/prices-and-markets/stocks/summary/company-summary/GB00B5N0P849GBGBXSET1.html
628,WOODFORD,/exchange/prices-and-markets/stocks/summary/company-summary/GB00BVG1CF25GBGBXSTMM.html
629,WORKSPACE GRP.,/exchange/prices-and-markets/stocks/summary/company-summary/GB00B67G5X01GBGBXSTMM.html
630,WORLDWIDE HC,/exchange/prices-and-markets/stocks/summary/company-summary/GB0003385308GBGBXSTMM.html
631,WPP,/exchange/prices-and-markets/stocks/summary/company-summary/JE00B8KF9B49JEGBXSET1.html
632,XAAR,/exchange/prices-and-markets/stocks/summary/company-summary/GB0001570810GBGBXSSMM.html
633,XP POWER,/exchange/prices-and-markets/stocks/summary/company-summary/SG9999003735JEGBXSSMM.html
634,XPS PENSIONS,/exchange/prices-and-markets/stocks/summary/company-summary/GB00BDDN1T20GBGBXSSMM.html
635,ZOTEFOAMS,/exchange/prices-and-markets/stocks/summary/company-summary/GB0009896605GBGBXSSMM.html
